sample	coverage	taxonomy
G3_P301_M_1	2.3	Root; d__Archaea
G3_P301_M_1	25.41	Root; d__Bacteria
G3_P301_M_1	1.45	Root; d__Archaea; p__Thermoproteota
G3_P301_M_1	0.1	Root; d__Bacteria; p__Bacteroidota
G3_P301_M_1	0.78	Root; d__Bacteria; p__Pseudomonadota
G3_P301_M_1	0.42	Root; d__Bacteria; p__Actinomycetota
G3_P301_M_1	0.81	Root; d__Bacteria; p__Bacillota_B
G3_P301_M_1	1.14	Root; d__Bacteria; p__Chloroflexota
G3_P301_M_1	0.06	Root; d__Bacteria; p__Planctomycetota
G3_P301_M_1	0.06	Root; d__Bacteria; p__Verrucomicrobiota
G3_P301_M_1	0.56	Root; d__Bacteria; p__Patescibacteria
G3_P301_M_1	0.16	Root; d__Archaea; p__Thermoproteota; c__Nitrososphaeria
G3_P301_M_1	0.67	Root; d__Archaea; p__Nanoarchaeota; c__Nanoarchaeia
G3_P301_M_1	3.05	Root; d__Bacteria; p__Bacteroidota; c__Bacteroidia
G3_P301_M_1	2.42	Root; d__Bacteria; p__Pseudomonadota; c__Gammaproteobacteria
G3_P301_M_1	0.8	Root; d__Bacteria; p__Pseudomonadota; c__Alphaproteobacteria
G3_P301_M_1	17.64	Root; d__Bacteria; p__Bacillota_A; c__Clostridia
G3_P301_M_1	7.31	Root; d__Bacteria; p__Bacillota; c__Bacilli
G3_P301_M_1	0.29	Root; d__Bacteria; p__Bacillota_C; c__Negativicutes
G3_P301_M_1	0.57	Root; d__Bacteria; p__Actinomycetota; c__Thermoleophilia
G3_P301_M_1	0.4	Root; d__Bacteria; p__Actinomycetota; c__Coriobacteriia
G3_P301_M_1	2.48	Root; d__Bacteria; p__Actinomycetota; c__Actinomycetia
G3_P301_M_1	0.28	Root; d__Bacteria; p__Actinomycetota; c__Acidimicrobiia
G3_P301_M_1	0.23	Root; d__Bacteria; p__Chloroflexota; c__Chloroflexia
G3_P301_M_1	0.23	Root; d__Bacteria; p__Chloroflexota; c__Limnocylindria
G3_P301_M_1	0.05	Root; d__Archaea; p__Thermoproteota; c__Nitrososphaeria; o__Nitrososphaerales
G3_P301_M_1	0.11	Root; d__Bacteria; p__Fusobacteriota; c__Fusobacteriia; o__Fusobacteriales
G3_P301_M_1	74.49	Root; d__Bacteria; p__Bacteroidota; c__Bacteroidia; o__Bacteroidales
G3_P301_M_1	0.4	Root; d__Bacteria; p__Pseudomonadota; c__Gammaproteobacteria; o__Burkholderiales
G3_P301_M_1	0.06	Root; d__Bacteria; p__Pseudomonadota; c__Gammaproteobacteria; o__Enterobacterales_A
G3_P301_M_1	1.25	Root; d__Bacteria; p__Pseudomonadota; c__Alphaproteobacteria; o__Rhizobiales
G3_P301_M_1	0.31	Root; d__Bacteria; p__Bacillota_A; c__Clostridia; o__Peptostreptococcales
G3_P301_M_1	0.91	Root; d__Bacteria; p__Bacillota_A; c__Clostridia; o__Lachnospirales
G3_P301_M_1	6.6	Root; d__Bacteria; p__Bacillota_A; c__Clostridia; o__TANB77
G3_P301_M_1	3.71	Root; d__Bacteria; p__Bacillota_A; c__Clostridia; o__Oscillospirales
G3_P301_M_1	0.64	Root; d__Bacteria; p__Bacillota_A; c__Clostridia; o__Christensenellales
G3_P301_M_1	0.08	Root; d__Bacteria; p__Bacillota_A; c__Clostridia; o__Tissierellales
G3_P301_M_1	0.74	Root; d__Bacteria; p__Bacillota; c__Bacilli; o__Erysipelotrichales
G3_P301_M_1	1.24	Root; d__Bacteria; p__Bacillota; c__Bacilli; o__Lactobacillales
G3_P301_M_1	0.14	Root; d__Bacteria; p__Bacillota; c__Bacilli; o__Acholeplasmatales
G3_P301_M_1	0.52	Root; d__Bacteria; p__Bacillota; c__Bacilli; o__Bacillales
G3_P301_M_1	0.34	Root; d__Bacteria; p__Bacillota; c__Bacilli; o__RFN20
G3_P301_M_1	0.23	Root; d__Bacteria; p__Bacillota; c__Bacilli; o__Mycoplasmatales
G3_P301_M_1	0.62	Root; d__Bacteria; p__Actinomycetota; c__Thermoleophilia; o__Solirubrobacterales
G3_P301_M_1	1.35	Root; d__Bacteria; p__Actinomycetota; c__Coriobacteriia; o__Coriobacteriales
G3_P301_M_1	2.07	Root; d__Bacteria; p__Actinomycetota; c__Actinomycetia; o__Actinomycetales
G3_P301_M_1	2.24	Root; d__Bacteria; p__Actinomycetota; c__Actinomycetia; o__Mycobacteriales
G3_P301_M_1	0.28	Root; d__Bacteria; p__Actinomycetota; c__Actinomycetia; o__Propionibacteriales
G3_P301_M_1	1.25	Root; d__Bacteria; p__Actinomycetota; c__Acidimicrobiia; o__Acidimicrobiales
G3_P301_M_1	0.23	Root; d__Bacteria; p__Chloroflexota; c__Chloroflexia; o__Chloroflexales
G3_P301_M_1	0.4	Root; d__Archaea; p__Thermoproteota; c__Nitrososphaeria; o__Nitrososphaerales; f__Nitrososphaeraceae
G3_P301_M_1	0.78	Root; d__Bacteria; p__Fusobacteriota; c__Fusobacteriia; o__Fusobacteriales; f__Fusobacteriaceae
G3_P301_M_1	224.56	Root; d__Bacteria; p__Bacteroidota; c__Bacteroidia; o__Bacteroidales; f__Bacteroidaceae
G3_P301_M_1	2.47	Root; d__Bacteria; p__Bacteroidota; c__Bacteroidia; o__Bacteroidales; f__UBA932
G3_P301_M_1	3.61	Root; d__Bacteria; p__Bacteroidota; c__Bacteroidia; o__Bacteroidales; f__Muribaculaceae
G3_P301_M_1	3.39	Root; d__Bacteria; p__Bacteroidota; c__Bacteroidia; o__Bacteroidales; f__Tannerellaceae
G3_P301_M_1	3.24	Root; d__Bacteria; p__Bacteroidota; c__Bacteroidia; o__Bacteroidales; f__Paludibacteraceae
G3_P301_M_1	0.3	Root; d__Bacteria; p__Bacteroidota; c__Bacteroidia; o__Bacteroidales; f__Dysgonomonadaceae
G3_P301_M_1	3.85	Root; d__Bacteria; p__Pseudomonadota; c__Gammaproteobacteria; o__Enterobacterales; f__Enterobacteriaceae
G3_P301_M_1	0.84	Root; d__Bacteria; p__Pseudomonadota; c__Gammaproteobacteria; o__Burkholderiales; f__Burkholderiaceae_A
G3_P301_M_1	1.48	Root; d__Bacteria; p__Bacillota_A; c__Clostridia; o__Peptostreptococcales; f__Peptostreptococcaceae
G3_P301_M_1	22.72	Root; d__Bacteria; p__Bacillota_A; c__Clostridia; o__Peptostreptococcales; f__Anaerovoracaceae
G3_P301_M_1	71.06	Root; d__Bacteria; p__Bacillota_A; c__Clostridia; o__Lachnospirales; f__Lachnospiraceae
G3_P301_M_1	0.06	Root; d__Bacteria; p__Bacillota_A; c__Clostridia; o__Lachnospirales; f__Anaerotignaceae
G3_P301_M_1	2.93	Root; d__Bacteria; p__Bacillota_A; c__Clostridia; o__TANB77; f__CAG-465
G3_P301_M_1	2.5	Root; d__Bacteria; p__Bacillota_A; c__Clostridia; o__TANB77; f__CAG-508
G3_P301_M_1	0.81	Root; d__Bacteria; p__Bacillota_A; c__Clostridia; o__Oscillospirales; f__Butyricicoccaceae
G3_P301_M_1	3.64	Root; d__Bacteria; p__Bacillota_A; c__Clostridia; o__Oscillospirales; f__Oscillospiraceae
G3_P301_M_1	1.89	Root; d__Bacteria; p__Bacillota_A; c__Clostridia; o__Oscillospirales; f__Ruminococcaceae
G3_P301_M_1	0.37	Root; d__Bacteria; p__Bacillota_A; c__Clostridia; o__Oscillospirales; f__Acutalibacteraceae
G3_P301_M_1	1.3	Root; d__Bacteria; p__Bacillota_A; c__Clostridia; o__Clostridiales; f__Clostridiaceae
G3_P301_M_1	31.33	Root; d__Bacteria; p__Bacillota; c__Bacilli; o__Erysipelotrichales; f__Erysipelotrichaceae
G3_P301_M_1	6.01	Root; d__Bacteria; p__Bacillota; c__Bacilli; o__Erysipelotrichales; f__Coprobacillaceae
G3_P301_M_1	0.23	Root; d__Bacteria; p__Bacillota; c__Bacilli; o__Lactobacillales; f__Streptococcaceae
G3_P301_M_1	0.6	Root; d__Bacteria; p__Bacillota; c__Bacilli; o__Acholeplasmatales; f__Anaeroplasmataceae
G3_P301_M_1	0.06	Root; d__Bacteria; p__Bacillota; c__Bacilli; o__Bacillales; f__DSM-1321
G3_P301_M_1	0.26	Root; d__Bacteria; p__Bacillota; c__Bacilli; o__Bacillales; f__Planococcaceae
G3_P301_M_1	0.12	Root; d__Bacteria; p__Bacillota; c__Bacilli; o__Mycoplasmatales; f__Mycoplasmoidaceae
G3_P301_M_1	0.88	Root; d__Bacteria; p__Bacillota; c__Bacilli; o__RF39; f__UBA660
G3_P301_M_1	0.99	Root; d__Bacteria; p__Bacillota_C; c__Negativicutes; o__Acidaminococcales; f__Acidaminococcaceae
G3_P301_M_1	0.12	Root; d__Bacteria; p__Bacillota_C; c__Negativicutes; o__Selenomonadales; f__Selenomonadaceae
G3_P301_M_1	3.09	Root; d__Bacteria; p__Actinomycetota; c__Thermoleophilia; o__Solirubrobacterales; f__Solirubrobacteraceae
G3_P301_M_1	1.36	Root; d__Bacteria; p__Actinomycetota; c__Thermoleophilia; o__Solirubrobacterales; f__70-9
G3_P301_M_1	0.88	Root; d__Bacteria; p__Actinomycetota; c__Thermoleophilia; o__Solirubrobacterales; f__Thermoleophilaceae
G3_P301_M_1	1.75	Root; d__Bacteria; p__Actinomycetota; c__Thermoleophilia; o__Gaiellales; f__Gaiellaceae
G3_P301_M_1	2.55	Root; d__Bacteria; p__Actinomycetota; c__Coriobacteriia; o__Coriobacteriales; f__Eggerthellaceae
G3_P301_M_1	0.28	Root; d__Bacteria; p__Actinomycetota; c__Coriobacteriia; o__Coriobacteriales; f__Coriobacteriaceae
G3_P301_M_1	0.97	Root; d__Bacteria; p__Actinomycetota; c__Actinomycetia; o__Actinomycetales; f__Micrococcaceae
G3_P301_M_1	0.51	Root; d__Bacteria; p__Actinomycetota; c__Actinomycetia; o__Actinomycetales; f__Microbacteriaceae
G3_P301_M_1	0.24	Root; d__Bacteria; p__Actinomycetota; c__Actinomycetia; o__Actinomycetales; f__Kineosporiaceae
G3_P301_M_1	0.91	Root; d__Bacteria; p__Actinomycetota; c__Actinomycetia; o__Mycobacteriales; f__Mycobacteriaceae
G3_P301_M_1	0.65	Root; d__Bacteria; p__Actinomycetota; c__Actinomycetia; o__Mycobacteriales; f__Geodermatophilaceae
G3_P301_M_1	1.2	Root; d__Bacteria; p__Actinomycetota; c__Actinomycetia; o__Mycobacteriales; f__Micromonosporaceae
G3_P301_M_1	0.87	Root; d__Bacteria; p__Actinomycetota; c__Actinomycetia; o__Mycobacteriales; f__Pseudonocardiaceae
G3_P301_M_1	1.31	Root; d__Bacteria; p__Actinomycetota; c__Actinomycetia; o__Propionibacteriales; f__Propionibacteriaceae
G3_P301_M_1	0.95	Root; d__Bacteria; p__Actinomycetota; c__Actinomycetia; o__Propionibacteriales; f__Nocardioidaceae
G3_P301_M_1	0.51	Root; d__Bacteria; p__Actinomycetota; c__Rubrobacteria; o__Rubrobacterales; f__Rubrobacteraceae
G3_P301_M_1	0.28	Root; d__Bacteria; p__Actinomycetota; c__Acidimicrobiia; o__Acidimicrobiales; f__JACDCH01
G3_P301_M_1	0.59	Root; d__Bacteria; p__Chloroflexota; c__Limnocylindria; o__Limnocylindrales; f__CSP1-4
G3_P301_M_1	36.77	Root; d__Bacteria; p__Fusobacteriota; c__Fusobacteriia; o__Fusobacteriales; f__Fusobacteriaceae; g__Fusobacterium_B
G3_P301_M_1	3.35	Root; d__Bacteria; p__Fusobacteriota; c__Fusobacteriia; o__Fusobacteriales; f__Fusobacteriaceae; g__Cetobacterium_A
G3_P301_M_1	3.41	Root; d__Bacteria; p__Fusobacteriota; c__Fusobacteriia; o__Fusobacteriales; f__Fusobacteriaceae; g__Fusobacterium_A
G3_P301_M_1	1.21	Root; d__Bacteria; p__Fusobacteriota; c__Fusobacteriia; o__Fusobacteriales; f__Fusobacteriaceae; g__Cetobacterium
G3_P301_M_1	764.14	Root; d__Bacteria; p__Bacteroidota; c__Bacteroidia; o__Bacteroidales; f__Bacteroidaceae; g__Phocaeicola
G3_P301_M_1	374.23	Root; d__Bacteria; p__Bacteroidota; c__Bacteroidia; o__Bacteroidales; f__Bacteroidaceae; g__Bacteroides
G3_P301_M_1	69.04	Root; d__Bacteria; p__Bacteroidota; c__Bacteroidia; o__Bacteroidales; f__Bacteroidaceae; g__Prevotella
G3_P301_M_1	46.67	Root; d__Bacteria; p__Bacteroidota; c__Bacteroidia; o__Bacteroidales; f__Bacteroidaceae; g__UBA4372
G3_P301_M_1	13.01	Root; d__Bacteria; p__Bacteroidota; c__Bacteroidia; o__Bacteroidales; f__Bacteroidaceae; g__Paraprevotella
G3_P301_M_1	461.9	Root; d__Bacteria; p__Bacteroidota; c__Bacteroidia; o__Bacteroidales; f__Bacteroidaceae; g__Alloprevotella
G3_P301_M_1	62.02	Root; d__Bacteria; p__Bacteroidota; c__Bacteroidia; o__Bacteroidales; f__Bacteroidaceae; g__Mediterranea
G3_P301_M_1	0.98	Root; d__Bacteria; p__Bacteroidota; c__Bacteroidia; o__Bacteroidales; f__Bacteroidaceae; g__Bacteroides_H
G3_P301_M_1	2.6	Root; d__Bacteria; p__Bacteroidota; c__Bacteroidia; o__Bacteroidales; f__Bacteroidaceae; g__OM05-12
G3_P301_M_1	0.59	Root; d__Bacteria; p__Bacteroidota; c__Bacteroidia; o__Bacteroidales; f__Bacteroidaceae; g__Bacteroides_G
G3_P301_M_1	3.38	Root; d__Bacteria; p__Bacteroidota; c__Bacteroidia; o__Bacteroidales; f__Bacteroidaceae; g__Phocaeicola_A
G3_P301_M_1	0.69	Root; d__Bacteria; p__Bacteroidota; c__Bacteroidia; o__Bacteroidales; f__Bacteroidaceae; g__UBA2918
G3_P301_M_1	0.55	Root; d__Bacteria; p__Bacteroidota; c__Bacteroidia; o__Bacteroidales; f__Bacteroidaceae; g__Bacteroides_I
G3_P301_M_1	0.48	Root; d__Bacteria; p__Bacteroidota; c__Bacteroidia; o__Bacteroidales; f__Bacteroidaceae; g__HGM04593
G3_P301_M_1	66.04	Root; d__Bacteria; p__Bacteroidota; c__Bacteroidia; o__Bacteroidales; f__UBA932; g__Cryptobacteroides
G3_P301_M_1	5.17	Root; d__Bacteria; p__Bacteroidota; c__Bacteroidia; o__Bacteroidales; f__Muribaculaceae; g__Limisoma
G3_P301_M_1	0.54	Root; d__Bacteria; p__Bacteroidota; c__Bacteroidia; o__Bacteroidales; f__Muribaculaceae; g__CAG-485
G3_P301_M_1	20.23	Root; d__Bacteria; p__Bacteroidota; c__Bacteroidia; o__Bacteroidales; f__Tannerellaceae; g__Parabacteroides
G3_P301_M_1	0.36	Root; d__Bacteria; p__Bacteroidota; c__Bacteroidia; o__Bacteroidales; f__Paludibacteraceae; g__RF16
G3_P301_M_1	4.04	Root; d__Bacteria; p__Bacteroidota; c__Bacteroidia; o__Bacteroidales; f__Paludibacteraceae; g__Aphodosoma
G3_P301_M_1	1.41	Root; d__Bacteria; p__Bacteroidota; c__Bacteroidia; o__Bacteroidales; f__Marinifilaceae; g__Odoribacter
G3_P301_M_1	0.67	Root; d__Bacteria; p__Bacteroidota; c__Bacteroidia; o__Bacteroidales; f__Dysgonomonadaceae; g__Dysgonomonas
G3_P301_M_1	0.15	Root; d__Bacteria; p__Pseudomonadota; c__Gammaproteobacteria; o__Enterobacterales; f__Enterobacteriaceae; g__Klebsiella
G3_P301_M_1	0.15	Root; d__Bacteria; p__Pseudomonadota; c__Gammaproteobacteria; o__Enterobacterales; f__Enterobacteriaceae; g__Citrobacter
G3_P301_M_1	0.94	Root; d__Bacteria; p__Pseudomonadota; c__Gammaproteobacteria; o__Enterobacterales; f__Enterobacteriaceae; g__Morganella
G3_P301_M_1	1.46	Root; d__Bacteria; p__Pseudomonadota; c__Gammaproteobacteria; o__Enterobacterales; f__Enterobacteriaceae; g__Providencia
G3_P301_M_1	0.92	Root; d__Bacteria; p__Pseudomonadota; c__Gammaproteobacteria; o__Enterobacterales; f__Enterobacteriaceae; g__Proteus
G3_P301_M_1	23.21	Root; d__Bacteria; p__Pseudomonadota; c__Gammaproteobacteria; o__Burkholderiales; f__Burkholderiaceae_A; g__Sutterella
G3_P301_M_1	2.49	Root; d__Bacteria; p__Pseudomonadota; c__Gammaproteobacteria; o__Burkholderiales; f__Burkholderiaceae_A; g__Aphodousia
G3_P301_M_1	3.31	Root; d__Bacteria; p__Bacillota_A; c__Clostridia; o__Peptostreptococcales; f__Peptostreptococcaceae; g__Peptacetobacter
G3_P301_M_1	1.04	Root; d__Bacteria; p__Bacillota_A; c__Clostridia; o__Peptostreptococcales; f__Peptostreptococcaceae; g__Paraclostridium
G3_P301_M_1	0.31	Root; d__Bacteria; p__Bacillota_A; c__Clostridia; o__Peptostreptococcales; f__Peptostreptococcaceae; g__Peptostreptococcus
G3_P301_M_1	2.59	Root; d__Bacteria; p__Bacillota_A; c__Clostridia; o__Peptostreptococcales; f__Anaerovoracaceae; g__Lentihominibacter
G3_P301_M_1	27.7	Root; d__Bacteria; p__Bacillota_A; c__Clostridia; o__Peptostreptococcales; f__Anaerovoracaceae; g__Emergencia
G3_P301_M_1	2.59	Root; d__Bacteria; p__Bacillota_A; c__Clostridia; o__Peptostreptococcales; f__Anaerovoracaceae; g__Gallibacter
G3_P301_M_1	4.99	Root; d__Bacteria; p__Bacillota_A; c__Clostridia; o__Peptostreptococcales; f__Anaerovoracaceae; g__Fimisoma
G3_P301_M_1	1.02	Root; d__Bacteria; p__Bacillota_A; c__Clostridia; o__Peptostreptococcales; f__Anaerovoracaceae; g__RGIG7179
G3_P301_M_1	5.59	Root; d__Bacteria; p__Bacillota_A; c__Clostridia; o__Peptostreptococcales; f__Anaerovoracaceae; g__Eubacterium_B
G3_P301_M_1	0.61	Root; d__Bacteria; p__Bacillota_A; c__Clostridia; o__Peptostreptococcales; f__Anaerovoracaceae; g__Avanaerovorax
G3_P301_M_1	0.92	Root; d__Bacteria; p__Bacillota_A; c__Clostridia; o__Peptostreptococcales; f__Anaerovoracaceae; g__CAG-238
G3_P301_M_1	1.55	Root; d__Bacteria; p__Bacillota_A; c__Clostridia; o__Lachnospirales; f__Lachnospiraceae; g__Muricomes
G3_P301_M_1	0.11	Root; d__Bacteria; p__Bacillota_A; c__Clostridia; o__Lachnospirales; f__Lachnospiraceae; g__Eisenbergiella
G3_P301_M_1	0.88	Root; d__Bacteria; p__Bacillota_A; c__Clostridia; o__Lachnospirales; f__Lachnospiraceae; g__CAG-317
G3_P301_M_1	55.83	Root; d__Bacteria; p__Bacillota_A; c__Clostridia; o__Lachnospirales; f__Lachnospiraceae; g__Faecalimonas
G3_P301_M_1	2.0	Root; d__Bacteria; p__Bacillota_A; c__Clostridia; o__Lachnospirales; f__Lachnospiraceae; g__Mediterraneibacter
G3_P301_M_1	0.57	Root; d__Bacteria; p__Bacillota_A; c__Clostridia; o__Lachnospirales; f__Lachnospiraceae; g__14-2
G3_P301_M_1	14.17	Root; d__Bacteria; p__Bacillota_A; c__Clostridia; o__Lachnospirales; f__Lachnospiraceae; g__Schaedlerella
G3_P301_M_1	29.83	Root; d__Bacteria; p__Bacillota_A; c__Clostridia; o__Lachnospirales; f__Lachnospiraceae; g__Blautia
G3_P301_M_1	0.31	Root; d__Bacteria; p__Bacillota_A; c__Clostridia; o__Lachnospirales; f__Lachnospiraceae; g__Clostridium_Q
G3_P301_M_1	0.7	Root; d__Bacteria; p__Bacillota_A; c__Clostridia; o__Lachnospirales; f__Lachnospiraceae; g__Ruminococcus_B
G3_P301_M_1	17.82	Root; d__Bacteria; p__Bacillota_A; c__Clostridia; o__Lachnospirales; f__Lachnospiraceae; g__Avilachnospira
G3_P301_M_1	12.25	Root; d__Bacteria; p__Bacillota_A; c__Clostridia; o__Lachnospirales; f__Lachnospiraceae; g__Bariatricus
G3_P301_M_1	1.01	Root; d__Bacteria; p__Bacillota_A; c__Clostridia; o__Lachnospirales; f__Lachnospiraceae; g__Copromonas
G3_P301_M_1	0.84	Root; d__Bacteria; p__Bacillota_A; c__Clostridia; o__Lachnospirales; f__Lachnospiraceae; g__Dorea_A
G3_P301_M_1	11.84	Root; d__Bacteria; p__Bacillota_A; c__Clostridia; o__Lachnospirales; f__Lachnospiraceae; g__Blautia_A
G3_P301_M_1	1.74	Root; d__Bacteria; p__Bacillota_A; c__Clostridia; o__Lachnospirales; f__Lachnospiraceae; g__Oliverpabstia
G3_P301_M_1	2.02	Root; d__Bacteria; p__Bacillota_A; c__Clostridia; o__Lachnospirales; f__Lachnospiraceae; g__Roseburia
G3_P301_M_1	0.78	Root; d__Bacteria; p__Bacillota_A; c__Clostridia; o__Lachnospirales; f__Lachnospiraceae; g__Scybalocola
G3_P301_M_1	65.53	Root; d__Bacteria; p__Bacillota_A; c__Clostridia; o__TANB77; f__CAG-465; g__CAG-465
G3_P301_M_1	0.53	Root; d__Bacteria; p__Bacillota_A; c__Clostridia; o__TANB77; f__CAG-465; g__RGIG5057
G3_P301_M_1	1.13	Root; d__Bacteria; p__Bacillota_A; c__Clostridia; o__TANB77; f__CAG-465; g__CALXJE01
G3_P301_M_1	0.47	Root; d__Bacteria; p__Bacillota_A; c__Clostridia; o__TANB77; f__CAG-465; g__UMGS1649
G3_P301_M_1	0.36	Root; d__Bacteria; p__Bacillota_A; c__Clostridia; o__TANB77; f__CAG-508; g__CAG-269
G3_P301_M_1	0.3	Root; d__Bacteria; p__Bacillota_A; c__Clostridia; o__Oscillospirales; f__Butyricicoccaceae; g__Agathobaculum
G3_P301_M_1	0.91	Root; d__Bacteria; p__Bacillota_A; c__Clostridia; o__Oscillospirales; f__Butyricicoccaceae; g__Butyricicoccus
G3_P301_M_1	4.89	Root; d__Bacteria; p__Bacillota_A; c__Clostridia; o__Oscillospirales; f__Oscillospiraceae; g__Faecousia
G3_P301_M_1	2.7	Root; d__Bacteria; p__Bacillota_A; c__Clostridia; o__Oscillospirales; f__Oscillospiraceae; g__Dysosmobacter
G3_P301_M_1	0.85	Root; d__Bacteria; p__Bacillota_A; c__Clostridia; o__Oscillospirales; f__Oscillospiraceae; g__Pelethomonas
G3_P301_M_1	7.4	Root; d__Bacteria; p__Bacillota_A; c__Clostridia; o__Oscillospirales; f__Ruminococcaceae; g__RGIG3102
G3_P301_M_1	5.74	Root; d__Bacteria; p__Bacillota_A; c__Clostridia; o__Oscillospirales; f__Ruminococcaceae; g__Negativibacillus
G3_P301_M_1	0.23	Root; d__Bacteria; p__Bacillota_A; c__Clostridia; o__Oscillospirales; f__Ruminococcaceae; g__UBA866
G3_P301_M_1	0.14	Root; d__Bacteria; p__Bacillota_A; c__Clostridia; o__Oscillospirales; f__Ruminococcaceae; g__Avimicrobium
G3_P301_M_1	0.34	Root; d__Bacteria; p__Bacillota_A; c__Clostridia; o__Oscillospirales; f__Feifaniaceae; g__CAJFTX01
G3_P301_M_1	0.87	Root; d__Bacteria; p__Bacillota_A; c__Clostridia; o__Clostridiales; f__Clostridiaceae; g__Clostridium
G3_P301_M_1	5.86	Root; d__Bacteria; p__Bacillota_A; c__Clostridia; o__Clostridiales; f__Clostridiaceae; g__Dwaynesavagella
G3_P301_M_1	4.3	Root; d__Bacteria; p__Bacillota; c__Bacilli; o__Erysipelotrichales; f__Erysipelotrichaceae; g__Longicatena
G3_P301_M_1	27.42	Root; d__Bacteria; p__Bacillota; c__Bacilli; o__Erysipelotrichales; f__Erysipelotrichaceae; g__JALEVB01
G3_P301_M_1	20.35	Root; d__Bacteria; p__Bacillota; c__Bacilli; o__Erysipelotrichales; f__Erysipelotrichaceae; g__JAHHTG01
G3_P301_M_1	0.64	Root; d__Bacteria; p__Bacillota; c__Bacilli; o__Erysipelotrichales; f__Erysipelotrichaceae; g__Faecalicoccus
G3_P301_M_1	5.74	Root; d__Bacteria; p__Bacillota; c__Bacilli; o__Erysipelotrichales; f__Erysipelotrichaceae; g__Faecalitalea
G3_P301_M_1	1.79	Root; d__Bacteria; p__Bacillota; c__Bacilli; o__Erysipelotrichales; f__Erysipelotrichaceae; g__UBA636
G3_P301_M_1	1.1	Root; d__Bacteria; p__Bacillota; c__Bacilli; o__Erysipelotrichales; f__Erysipelotrichaceae; g__Holdemanella
G3_P301_M_1	23.06	Root; d__Bacteria; p__Bacillota; c__Bacilli; o__Erysipelotrichales; f__Erysipelotrichaceae; g__Amedibacillus
G3_P301_M_1	1.2	Root; d__Bacteria; p__Bacillota; c__Bacilli; o__Erysipelotrichales; f__Erysipelotrichaceae; g__Floccifex
G3_P301_M_1	0.66	Root; d__Bacteria; p__Bacillota; c__Bacilli; o__Erysipelotrichales; f__Erysipelotrichaceae; g__CALVGN01
G3_P301_M_1	0.46	Root; d__Bacteria; p__Bacillota; c__Bacilli; o__Erysipelotrichales; f__Erysipelotrichaceae; g__Holdemania
G3_P301_M_1	1.09	Root; d__Bacteria; p__Bacillota; c__Bacilli; o__Erysipelotrichales; f__Erysipelotrichaceae; g__Bulleidia
G3_P301_M_1	0.42	Root; d__Bacteria; p__Bacillota; c__Bacilli; o__Erysipelotrichales; f__Erysipelotrichaceae; g__CALUZH01
G3_P301_M_1	4.35	Root; d__Bacteria; p__Bacillota; c__Bacilli; o__Erysipelotrichales; f__Erysipelotrichaceae; g__NSJ-61
G3_P301_M_1	3.03	Root; d__Bacteria; p__Bacillota; c__Bacilli; o__Erysipelotrichales; f__Erysipelotrichaceae; g__Clostridium_AQ
G3_P301_M_1	3.14	Root; d__Bacteria; p__Bacillota; c__Bacilli; o__Erysipelotrichales; f__Erysipelotrichaceae; g__Amedibacterium
G3_P301_M_1	1.01	Root; d__Bacteria; p__Bacillota; c__Bacilli; o__Erysipelotrichales; f__Erysipelotrichaceae; g__Anaerorhabdus
G3_P301_M_1	2.35	Root; d__Bacteria; p__Bacillota; c__Bacilli; o__Erysipelotrichales; f__Erysipelotrichaceae; g__RQZE01
G3_P301_M_1	0.44	Root; d__Bacteria; p__Bacillota; c__Bacilli; o__Erysipelotrichales; f__Erysipelotrichaceae; g__UBA9076
G3_P301_M_1	9.36	Root; d__Bacteria; p__Bacillota; c__Bacilli; o__Erysipelotrichales; f__Coprobacillaceae; g__Fimiplasma
G3_P301_M_1	1.6	Root; d__Bacteria; p__Bacillota; c__Bacilli; o__Erysipelotrichales; f__Coprobacillaceae; g__Longibaculum
G3_P301_M_1	1.73	Root; d__Bacteria; p__Bacillota; c__Bacilli; o__Erysipelotrichales; f__Coprobacillaceae; g__MGBC163490
G3_P301_M_1	1.29	Root; d__Bacteria; p__Bacillota; c__Bacilli; o__Lactobacillales; f__Vagococcaceae; g__Vagococcus
G3_P301_M_1	1.14	Root; d__Bacteria; p__Bacillota; c__Bacilli; o__Acholeplasmatales; f__Anaeroplasmataceae; g__CALUXS01
G3_P301_M_1	0.51	Root; d__Bacteria; p__Bacillota; c__Bacilli; o__Bacillales; f__DSM-1321; g__Peribacillus
G3_P301_M_1	0.17	Root; d__Bacteria; p__Bacillota; c__Bacilli; o__Bacillales; f__Planococcaceae; g__Psychrobacillus
G3_P301_M_1	1.01	Root; d__Bacteria; p__Bacillota; c__Bacilli; o__Mycoplasmatales; f__Mycoplasmoidaceae; g__Mycoplasma_L
G3_P301_M_1	11.54	Root; d__Bacteria; p__Bacillota_C; c__Negativicutes; o__Acidaminococcales; f__Acidaminococcaceae; g__Phascolarctobacterium_A
G3_P301_M_1	0.56	Root; d__Bacteria; p__Bacillota_C; c__Negativicutes; o__Selenomonadales; f__Selenomonadaceae; g__JAHHSR01
G3_P301_M_1	0.38	Root; d__Bacteria; p__Actinomycetota; c__Thermoleophilia; o__Solirubrobacterales; f__Solirubrobacteraceae; g__Baekduia
G3_P301_M_1	0.76	Root; d__Bacteria; p__Actinomycetota; c__Thermoleophilia; o__Solirubrobacterales; f__Solirubrobacteraceae; g__Solirubrobacter
G3_P301_M_1	0.44	Root; d__Bacteria; p__Actinomycetota; c__Thermoleophilia; o__Solirubrobacterales; f__70-9; g__VAYN01
G3_P301_M_1	0.68	Root; d__Bacteria; p__Actinomycetota; c__Thermoleophilia; o__Gaiellales; f__Gaiellaceae; g__AC-32
G3_P301_M_1	12.12	Root; d__Bacteria; p__Actinomycetota; c__Coriobacteriia; o__Coriobacteriales; f__Eggerthellaceae; g__Slackia_A
G3_P301_M_1	1.56	Root; d__Bacteria; p__Actinomycetota; c__Coriobacteriia; o__Coriobacteriales; f__Coriobacteriaceae; g__Collinsella
G3_P301_M_1	2.3	Root; d__Bacteria; p__Actinomycetota; c__Actinomycetia; o__Actinomycetales; f__Micrococcaceae; g__Arthrobacter_B
G3_P301_M_1	0.47	Root; d__Bacteria; p__Actinomycetota; c__Actinomycetia; o__Mycobacteriales; f__Mycobacteriaceae; g__Mycobacterium
G3_P301_M_1	0.86	Root; d__Bacteria; p__Actinomycetota; c__Actinomycetia; o__Mycobacteriales; f__Geodermatophilaceae; g__Blastococcus
G3_P301_M_1	1.53	Root; d__Bacteria; p__Actinomycetota; c__Actinomycetia; o__Mycobacteriales; f__Micromonosporaceae; g__Actinoplanes
G3_P301_M_1	0.39	Root; d__Bacteria; p__Actinomycetota; c__Actinomycetia; o__Mycobacteriales; f__Pseudonocardiaceae; g__Pseudonocardia
G3_P301_M_1	0.49	Root; d__Bacteria; p__Actinomycetota; c__Actinomycetia; o__Propionibacteriales; f__Propionibacteriaceae; g__Friedmanniella
G3_P301_M_1	1.26	Root; d__Bacteria; p__Actinomycetota; c__Actinomycetia; o__Propionibacteriales; f__Nocardioidaceae; g__Nocardioides
G3_P301_M_1	1.37	Root; d__Bacteria; p__Actinomycetota; c__Rubrobacteria; o__Rubrobacterales; f__Rubrobacteraceae; g__Rubrobacter_D
G3_P301_M_1	3.4	Root; d__Bacteria; p__Bacillota_B; c__Peptococcia; o__Peptococcales; f__Peptococcaceae; g__UMGS1590
G3_P301_M_1	5.95	Root; d__Bacteria; p__Fusobacteriota; c__Fusobacteriia; o__Fusobacteriales; f__Fusobacteriaceae; g__Fusobacterium_B; s__Fusobacterium_B sp019416865
G3_P301_M_1	26.1	Root; d__Bacteria; p__Fusobacteriota; c__Fusobacteriia; o__Fusobacteriales; f__Fusobacteriaceae; g__Fusobacterium_B; s__Fusobacterium_B sp900541465
G3_P301_M_1	4.32	Root; d__Bacteria; p__Fusobacteriota; c__Fusobacteriia; o__Fusobacteriales; f__Fusobacteriaceae; g__Fusobacterium_B; s__Fusobacterium_B sp900542625
G3_P301_M_1	4.56	Root; d__Bacteria; p__Fusobacteriota; c__Fusobacteriia; o__Fusobacteriales; f__Fusobacteriaceae; g__Fusobacterium_B; s__Fusobacterium_B sp900554355
G3_P301_M_1	28.82	Root; d__Bacteria; p__Fusobacteriota; c__Fusobacteriia; o__Fusobacteriales; f__Fusobacteriaceae; g__Fusobacterium_B; s__Fusobacterium_B sp900554885
G3_P301_M_1	129.35	Root; d__Bacteria; p__Fusobacteriota; c__Fusobacteriia; o__Fusobacteriales; f__Fusobacteriaceae; g__Cetobacterium_A; s__Cetobacterium_A somerae
G3_P301_M_1	17.66	Root; d__Bacteria; p__Fusobacteriota; c__Fusobacteriia; o__Fusobacteriales; f__Fusobacteriaceae; g__Fusobacterium_A; s__Fusobacterium_A sp900543175
G3_P301_M_1	13.93	Root; d__Bacteria; p__Fusobacteriota; c__Fusobacteriia; o__Fusobacteriales; f__Fusobacteriaceae; g__Fusobacterium_A; s__Fusobacterium_A sp900555845
G3_P301_M_1	11.65	Root; d__Bacteria; p__Fusobacteriota; c__Fusobacteriia; o__Fusobacteriales; f__Fusobacteriaceae; g__Fusobacterium_A; s__Fusobacterium_A sp900015295
G3_P301_M_1	63.91	Root; d__Bacteria; p__Bacteroidota; c__Bacteroidia; o__Bacteroidales; f__Bacteroidaceae; g__Phocaeicola; s__Phocaeicola sp015060765
G3_P301_M_1	53.7	Root; d__Bacteria; p__Bacteroidota; c__Bacteroidia; o__Bacteroidales; f__Bacteroidaceae; g__Phocaeicola; s__Phocaeicola sp902388365
G3_P301_M_1	6.7	Root; d__Bacteria; p__Bacteroidota; c__Bacteroidia; o__Bacteroidales; f__Bacteroidaceae; g__UBA4372; s__UBA4372 sp017548165
G3_P301_M_1	47.83	Root; d__Bacteria; p__Bacteroidota; c__Bacteroidia; o__Bacteroidales; f__Bacteroidaceae; g__Alloprevotella; s__Alloprevotella sp900541335
G3_P301_M_1	6.55	Root; d__Bacteria; p__Bacteroidota; c__Bacteroidia; o__Bacteroidales; f__Bacteroidaceae; g__Alloprevotella; s__Alloprevotella sp945828345
G3_P301_M_1	6.66	Root; d__Bacteria; p__Bacteroidota; c__Bacteroidia; o__Bacteroidales; f__Bacteroidaceae; g__Alloprevotella; s__Alloprevotella sp000437675
G3_P301_M_1	7.74	Root; d__Bacteria; p__Bacteroidota; c__Bacteroidia; o__Bacteroidales; f__Bacteroidaceae; g__Mediterranea; s__Mediterranea sp905201685
G3_P301_M_1	14.86	Root; d__Bacteria; p__Bacteroidota; c__Bacteroidia; o__Bacteroidales; f__Muribaculaceae; g__Limisoma; s__Limisoma sp900541935
G3_P301_M_1	16.28	Root; d__Bacteria; p__Pseudomonadota; c__Gammaproteobacteria; o__Enterobacterales; f__Enterobacteriaceae; g__Escherichia; s__Escherichia fergusonii
G3_P301_M_1	30.35	Root; d__Bacteria; p__Pseudomonadota; c__Gammaproteobacteria; o__Enterobacterales; f__Enterobacteriaceae; g__Escherichia; s__Escherichia coli
G3_P301_M_1	11.88	Root; d__Bacteria; p__Pseudomonadota; c__Gammaproteobacteria; o__Enterobacterales; f__Enterobacteriaceae; g__Escherichia; s__Escherichia sp005843885
G3_P301_M_1	0.97	Root; d__Bacteria; p__Pseudomonadota; c__Gammaproteobacteria; o__Enterobacterales; f__Enterobacteriaceae; g__Klebsiella; s__Klebsiella variicola
G3_P301_M_1	0.64	Root; d__Bacteria; p__Pseudomonadota; c__Gammaproteobacteria; o__Enterobacterales; f__Enterobacteriaceae; g__Citrobacter; s__Citrobacter braakii
G3_P301_M_1	2.8	Root; d__Bacteria; p__Pseudomonadota; c__Gammaproteobacteria; o__Enterobacterales; f__Enterobacteriaceae; g__Morganella; s__Morganella morganii_B
G3_P301_M_1	12.09	Root; d__Bacteria; p__Pseudomonadota; c__Gammaproteobacteria; o__Enterobacterales; f__Enterobacteriaceae; g__Morganella; s__Morganella morganii
G3_P301_M_1	2.26	Root; d__Bacteria; p__Pseudomonadota; c__Gammaproteobacteria; o__Enterobacterales; f__Enterobacteriaceae; g__Providencia; s__Providencia alcalifaciens
G3_P301_M_1	2.42	Root; d__Bacteria; p__Pseudomonadota; c__Gammaproteobacteria; o__Enterobacterales; f__Enterobacteriaceae; g__Providencia; s__Providencia rettgeri
G3_P301_M_1	3.29	Root; d__Bacteria; p__Pseudomonadota; c__Gammaproteobacteria; o__Enterobacterales; f__Enterobacteriaceae; g__Proteus; s__Proteus cibarius
G3_P301_M_1	2.23	Root; d__Bacteria; p__Pseudomonadota; c__Gammaproteobacteria; o__Enterobacterales; f__Enterobacteriaceae; g__Plesiomonas; s__Plesiomonas shigelloides
G3_P301_M_1	15.14	Root; d__Bacteria; p__Pseudomonadota; c__Gammaproteobacteria; o__Burkholderiales; f__Burkholderiaceae_A; g__Sutterella; s__Sutterella sp905186105
G3_P301_M_1	1.54	Root; d__Bacteria; p__Pseudomonadota; c__Gammaproteobacteria; o__Burkholderiales; f__Burkholderiaceae_A; g__Sutterella; s__Sutterella wadsworthensis_A
G3_P301_M_1	4.62	Root; d__Bacteria; p__Pseudomonadota; c__Gammaproteobacteria; o__Burkholderiales; f__Burkholderiaceae_A; g__Sutterella; s__Sutterella sp020025915
G3_P301_M_1	2.48	Root; d__Bacteria; p__Pseudomonadota; c__Gammaproteobacteria; o__Burkholderiales; f__Burkholderiaceae_A; g__Aphodousia; s__Aphodousia sp019418235
G3_P301_M_1	0.91	Root; d__Bacteria; p__Pseudomonadota; c__Gammaproteobacteria; o__Burkholderiales; f__Burkholderiaceae_A; g__Aphodousia; s__Aphodousia sp905206345
G3_P301_M_1	26.27	Root; d__Bacteria; p__Bacillota_A; c__Clostridia; o__Peptostreptococcales; f__Peptostreptococcaceae; g__Peptacetobacter; s__Peptacetobacter hiranonis
G3_P301_M_1	19.79	Root; d__Bacteria; p__Bacillota_A; c__Clostridia; o__Peptostreptococcales; f__Peptostreptococcaceae; g__Peptacetobacter; s__Peptacetobacter sp900539645
G3_P301_M_1	10.8	Root; d__Bacteria; p__Bacillota_A; c__Clostridia; o__Peptostreptococcales; f__Peptostreptococcaceae; g__Paraclostridium; s__Paraclostridium sordellii
G3_P301_M_1	0.8	Root; d__Bacteria; p__Bacillota_A; c__Clostridia; o__Lachnospirales; f__Lachnospiraceae; g__Muricomes; s__Muricomes fissicatena_A
G3_P301_M_1	0.58	Root; d__Bacteria; p__Bacillota_A; c__Clostridia; o__Lachnospirales; f__Lachnospiraceae; g__Eisenbergiella; s__Eisenbergiella sp900539715
G3_P301_M_1	8.55	Root; d__Bacteria; p__Bacillota_A; c__Clostridia; o__Lachnospirales; f__Lachnospiraceae; g__Faecalimonas; s__Faecalimonas sp900556835
G3_P301_M_1	21.01	Root; d__Bacteria; p__Bacillota_A; c__Clostridia; o__Lachnospirales; f__Lachnospiraceae; g__Faecalimonas; s__Faecalimonas phoceensis
G3_P301_M_1	0.93	Root; d__Bacteria; p__Bacillota_A; c__Clostridia; o__Lachnospirales; f__Lachnospiraceae; g__Schaedlerella; s__Schaedlerella sp900066545
G3_P301_M_1	1.0	Root; d__Bacteria; p__Bacillota_A; c__Clostridia; o__Lachnospirales; f__Lachnospiraceae; g__Schaedlerella; s__Schaedlerella sp905203555
G3_P301_M_1	1.84	Root; d__Bacteria; p__Bacillota_A; c__Clostridia; o__Lachnospirales; f__Lachnospiraceae; g__Schaedlerella; s__Schaedlerella sp900765975
G3_P301_M_1	5.09	Root; d__Bacteria; p__Bacillota_A; c__Clostridia; o__Lachnospirales; f__Lachnospiraceae; g__Blautia; s__Blautia sp000432195
G3_P301_M_1	8.24	Root; d__Bacteria; p__Bacillota_A; c__Clostridia; o__Lachnospirales; f__Lachnospiraceae; g__Blautia; s__Blautia sp900556555
G3_P301_M_1	6.53	Root; d__Bacteria; p__Bacillota_A; c__Clostridia; o__Lachnospirales; f__Lachnospiraceae; g__Blautia; s__Blautia sp900753905
G3_P301_M_1	0.82	Root; d__Bacteria; p__Bacillota_A; c__Clostridia; o__Lachnospirales; f__Lachnospiraceae; g__Clostridium_Q; s__Clostridium_Q sp000435655
G3_P301_M_1	5.17	Root; d__Bacteria; p__Bacillota_A; c__Clostridia; o__Lachnospirales; f__Lachnospiraceae; g__Copromonas; s__Copromonas sp000435795
G3_P301_M_1	7.83	Root; d__Bacteria; p__Bacillota_A; c__Clostridia; o__Lachnospirales; f__Lachnospiraceae; g__Blautia_A; s__Blautia_A sp019416265
G3_P301_M_1	0.67	Root; d__Bacteria; p__Bacillota_A; c__Clostridia; o__Oscillospirales; f__Butyricicoccaceae; g__Agathobaculum; s__Agathobaculum desmolans
G3_P301_M_1	4.65	Root; d__Bacteria; p__Bacillota_A; c__Clostridia; o__Oscillospirales; f__Butyricicoccaceae; g__Butyricicoccus; s__Butyricicoccus sp018383195
G3_P301_M_1	2.66	Root; d__Bacteria; p__Bacillota_A; c__Clostridia; o__Oscillospirales; f__Ruminococcaceae; g__RGIG3102; s__RGIG3102 sp017505635
G3_P301_M_1	10.26	Root; d__Bacteria; p__Bacillota_A; c__Clostridia; o__Oscillospirales; f__Ruminococcaceae; g__Negativibacillus; s__Negativibacillus sp900547015
G3_P301_M_1	1.26	Root; d__Bacteria; p__Bacillota_A; c__Clostridia; o__Oscillospirales; f__Ruminococcaceae; g__Avimicrobium; s__Avimicrobium sp934845495
G3_P301_M_1	15.72	Root; d__Bacteria; p__Bacillota_A; c__Clostridia; o__Clostridiales; f__Clostridiaceae; g__Sarcina; s__Sarcina perfringens
G3_P301_M_1	0.67	Root; d__Bacteria; p__Bacillota_A; c__Clostridia; o__Clostridiales; f__Clostridiaceae; g__Clostridium; s__Clostridium thermobutyricum
G3_P301_M_1	1.93	Root; d__Bacteria; p__Bacillota; c__Bacilli; o__Erysipelotrichales; f__Erysipelotrichaceae; g__Longicatena; s__Longicatena sp020025055
G3_P301_M_1	1.19	Root; d__Bacteria; p__Bacillota; c__Bacilli; o__Erysipelotrichales; f__Erysipelotrichaceae; g__Faecalitalea; s__Faecalitalea cylindroides
G3_P301_M_1	0.6	Root; d__Bacteria; p__Bacillota; c__Bacilli; o__Erysipelotrichales; f__Coprobacillaceae; g__MGBC163490; s__MGBC163490 sp910588075
G3_P301_M_1	0.52	Root; d__Bacteria; p__Bacillota; c__Bacilli; o__Erysipelotrichales; f__Coprobacillaceae; g__MGBC163490; s__MGBC163490 sp021768625
G3_P301_M_1	0.8	Root; d__Bacteria; p__Bacillota; c__Bacilli; o__Lactobacillales; f__Streptococcaceae; g__Lactococcus; s__Lactococcus petauri
G3_P301_M_1	2.72	Root; d__Bacteria; p__Bacillota; c__Bacilli; o__Lactobacillales; f__Vagococcaceae; g__Vagococcus; s__Vagococcus martis
G3_P301_M_1	0.95	Root; d__Bacteria; p__Bacillota; c__Bacilli; o__Lactobacillales; f__Vagococcaceae; g__Vagococcus; s__Vagococcus sp024637875
G3_P301_M_1	2.11	Root; d__Bacteria; p__Bacillota; c__Bacilli; o__Lactobacillales; f__Vagococcaceae; g__Vagococcus; s__Vagococcus bubulae
G3_P301_M_1	0.93	Root; d__Bacteria; p__Bacillota; c__Bacilli; o__Lactobacillales; f__Vagococcaceae; g__Vagococcus; s__Vagococcus sp003462485
G3_P301_M_1	11.56	Root; d__Bacteria; p__Bacillota_C; c__Negativicutes; o__Acidaminococcales; f__Acidaminococcaceae; g__Phascolarctobacterium_A; s__Phascolarctobacterium_A sp900547415
G3_P301_M_1	1.41	Root; d__Bacteria; p__Bacillota_C; c__Negativicutes; o__Acidaminococcales; f__Acidaminococcaceae; g__Phascolarctobacterium_A; s__Phascolarctobacterium_A sp900552855
G3_P301_M_1	2.68	Root; d__Bacteria; p__Actinomycetota; c__Coriobacteriia; o__Coriobacteriales; f__Eggerthellaceae; g__Slackia_A; s__Slackia_A piriformis
G3_P301_M_1	0.73	Root; d__Bacteria; p__Actinomycetota; c__Coriobacteriia; o__Coriobacteriales; f__Eggerthellaceae; g__Slackia_A; s__Slackia_A faecicanis
G3_P301_M_1	1.57	Root; d__Bacteria; p__Actinomycetota; c__Actinomycetia; o__Actinomycetales; f__Micrococcaceae; g__Arthrobacter_B; s__Arthrobacter_B koreensis
G3_P301_M_1	1.03	Root; d__Bacteria; p__Bacillota_B; c__Peptococcia; o__Peptococcales; f__Peptococcaceae; g__UMGS1590; s__UMGS1590 sp900759105
G3_P301_M_1	3.14	Root; d__Bacteria; p__Bacillota_B; c__Peptococcia; o__Peptococcales; f__Peptococcaceae; g__UMGS1590; s__UMGS1590 sp900553245
